Episode Id,Sample Method,Labeled Pool,Num of classification,Ratio,Accuracy
0,ae_coreset,1000,1203,0.001,0.9742310889443059
0,ae_coreset,1000,1203,0.002,0.9742310889443059
0,ae_coreset,1000,1203,0.003,0.9742310889443059
0,ae_coreset,1000,2350,0.004,0.9672340425531915
0,ae_coreset,1000,2350,0.005,0.9672340425531915
0,ae_coreset,1000,3261,0.006,0.9690279055504446
0,ae_coreset,1000,3261,0.007,0.9690279055504446
0,ae_coreset,1000,4012,0.008,0.9661016949152542
0,ae_coreset,1000,4012,0.009000000000000001,0.9661016949152542
0,ae_coreset,1000,4681,0.010000000000000002,0.9688100833155309
0,ae_coreset,1000,4681,0.011,0.9688100833155309
0,ae_coreset,1000,5231,0.012,0.9697954502007264
0,ae_coreset,1000,5231,0.013000000000000001,0.9697954502007264
0,ae_coreset,1000,5745,0.014000000000000002,0.9698868581375109
0,ae_coreset,1000,5745,0.015,0.9698868581375109
0,ae_coreset,1000,6256,0.016,0.9705882352941176
0,ae_coreset,1000,6256,0.017,0.9705882352941176
0,ae_coreset,1000,6672,0.018000000000000002,0.9712230215827338
0,ae_coreset,1000,6672,0.019000000000000003,0.9712230215827338
0,ae_coreset,1000,7059,0.02,0.9716673749822922
0,ae_coreset,1000,7059,0.021,0.9716673749822922
0,ae_coreset,1000,7417,0.022000000000000002,0.9710125387623029
0,ae_coreset,1000,7417,0.023,0.9710125387623029
0,ae_coreset,1000,7725,0.024,0.9711326860841424
0,ae_coreset,1000,7725,0.025,0.9711326860841424
0,ae_coreset,1000,8008,0.026000000000000002,0.9694055944055944
0,ae_coreset,1000,8008,0.027000000000000003,0.9694055944055944
0,ae_coreset,1000,8282,0.028,0.9683651291958464
0,ae_coreset,1000,8282,0.029,0.9683651291958464
0,ae_coreset,1000,8552,0.030000000000000002,0.9686623012160898
0,ae_coreset,1000,8552,0.031,0.9686623012160898
0,ae_coreset,1000,8813,0.032,0.9683422217179167
0,ae_coreset,1000,8813,0.033,0.9683422217179167
0,ae_coreset,1000,9065,0.034,0.967788196359625
0,ae_coreset,1000,9065,0.035,0.967788196359625
0,ae_coreset,1000,9301,0.036000000000000004,0.9666702505106978
0,ae_coreset,1000,9301,0.037000000000000005,0.9666702505106978
0,ae_coreset,1000,9523,0.038,0.9662921348314607
0,ae_coreset,1000,9523,0.039,0.9662921348314607
0,ae_coreset,1000,9740,0.04,0.9646817248459959
0,ae_coreset,1000,9740,0.041,0.9646817248459959
0,ae_coreset,1000,9952,0.042,0.9642282958199357
0,ae_coreset,1000,9952,0.043000000000000003,0.9642282958199357
0,ae_coreset,1000,10370,0.044000000000000004,0.9628736740597879
0,ae_coreset,1000,10370,0.045,0.9628736740597879
0,ae_coreset,1000,10370,0.046,0.9628736740597879
0,ae_coreset,1000,10370,0.047,0.9628736740597879
0,ae_coreset,1000,10760,0.048,0.9631970260223048
0,ae_coreset,1000,10760,0.049,0.9631970260223048
0,ae_coreset,1000,10760,0.05,0.9631970260223048
0,ae_coreset,1000,10760,0.051000000000000004,0.9631970260223048
0,ae_coreset,1000,10951,0.052000000000000005,0.9634736553739385
0,ae_coreset,1000,10951,0.053000000000000005,0.9634736553739385
0,ae_coreset,1000,11331,0.054,0.9638160797811314
0,ae_coreset,1000,11331,0.055,0.9638160797811314
0,ae_coreset,1000,11331,0.056,0.9638160797811314
0,ae_coreset,1000,11331,0.057,0.9638160797811314
0,ae_coreset,1000,11520,0.058,0.9635416666666666
0,ae_coreset,1000,11520,0.059000000000000004,0.9635416666666666
0,ae_coreset,1000,11700,0.060000000000000005,0.9635042735042735
0,ae_coreset,1000,11700,0.061,0.9635042735042735
0,ae_coreset,1000,11864,0.062,0.9637559002022926
0,ae_coreset,1000,11864,0.063,0.9637559002022926
0,ae_coreset,1000,12019,0.064,0.9629752891255512
0,ae_coreset,1000,12019,0.065,0.9629752891255512
0,ae_coreset,1000,12171,0.066,0.9630268671432093
0,ae_coreset,1000,12171,0.067,0.9630268671432093
0,ae_coreset,1000,12316,0.068,0.9622442351412797
0,ae_coreset,1000,12316,0.069,0.9622442351412797
0,ae_coreset,1000,12459,0.07,0.9625170559434947
0,ae_coreset,1000,12459,0.07100000000000001,0.9625170559434947
0,ae_coreset,1000,12743,0.07200000000000001,0.96280310758848
0,ae_coreset,1000,12743,0.07300000000000001,0.96280310758848
0,ae_coreset,1000,12743,0.074,0.96280310758848
0,ae_coreset,1000,12743,0.075,0.96280310758848
0,ae_coreset,1000,12882,0.076,0.9631268436578171
0,ae_coreset,1000,12882,0.077,0.9631268436578171
0,ae_coreset,1000,13016,0.078,0.9633527965580824
0,ae_coreset,1000,13016,0.079,0.9633527965580824
0,ae_coreset,1000,13149,0.08,0.963419271427485
0,ae_coreset,1000,13149,0.081,0.963419271427485
0,ae_coreset,1000,13275,0.082,0.9635404896421845
0,ae_coreset,1000,13275,0.083,0.9635404896421845
0,ae_coreset,1000,13391,0.084,0.9635576133223807
0,ae_coreset,1000,13505,0.085,0.9631247686042207
0,ae_coreset,1000,13505,0.08600000000000001,0.9631247686042207
0,ae_coreset,1000,13618,0.08700000000000001,0.9631370245263622
0,ae_coreset,1000,13618,0.08800000000000001,0.9631370245263622
0,ae_coreset,1000,13730,0.089,0.9632192279679533
0,ae_coreset,1000,13730,0.09,0.9632192279679533
0,ae_coreset,1000,13952,0.091,0.963302752293578
0,ae_coreset,1000,13952,0.092,0.963302752293578
0,ae_coreset,1000,13952,0.093,0.963302752293578
0,ae_coreset,1000,13952,0.094,0.963302752293578
0,ae_coreset,1000,14172,0.095,0.96344905447361
0,ae_coreset,1000,14172,0.096,0.96344905447361
0,ae_coreset,1000,14172,0.097,0.96344905447361
0,ae_coreset,1000,14172,0.098,0.96344905447361
0,ae_coreset,1000,14386,0.099,0.9629500903656333
0,ae_coreset,1000,14386,0.1,0.9629500903656333
0,ae_coreset,1000,14386,0.101,0.9629500903656333
0,ae_coreset,1000,14386,0.10200000000000001,0.9629500903656333
0,ae_coreset,1000,14598,0.10300000000000001,0.9630086313193588
0,ae_coreset,1000,14598,0.10400000000000001,0.9630086313193588
0,ae_coreset,1000,14598,0.10500000000000001,0.9630086313193588
0,ae_coreset,1000,14598,0.106,0.9630086313193588
0,ae_coreset,1000,14904,0.107,0.9628287707997852
0,ae_coreset,1000,14904,0.108,0.9628287707997852
0,ae_coreset,1000,14904,0.109,0.9628287707997852
0,ae_coreset,1000,14904,0.11,0.9628287707997852
0,ae_coreset,1000,14904,0.111,0.9628287707997852
0,ae_coreset,1000,14904,0.112,0.9628287707997852
0,ae_coreset,1000,15005,0.113,0.9630123292235921
0,ae_coreset,1000,15005,0.114,0.9630123292235921
0,ae_coreset,1000,15105,0.115,0.962528963919232
0,ae_coreset,1000,15105,0.116,0.962528963919232
0,ae_coreset,1000,15204,0.117,0.962707182320442
0,ae_coreset,1000,15204,0.11800000000000001,0.962707182320442
0,ae_coreset,1000,15394,0.11900000000000001,0.9629076263479278
0,ae_coreset,1000,15394,0.12000000000000001,0.9629076263479278
0,ae_coreset,1000,15394,0.121,0.9629076263479278
0,ae_coreset,1000,15394,0.122,0.9629076263479278
0,ae_coreset,1000,15580,0.123,0.9630937098844673
0,ae_coreset,1000,15580,0.124,0.9630937098844673
0,ae_coreset,1000,15580,0.125,0.9630937098844673
0,ae_coreset,1000,15580,0.126,0.9630937098844673
0,ae_coreset,1000,15847,0.127,0.9610651858395911
0,ae_coreset,1000,15847,0.128,0.9610651858395911
0,ae_coreset,1000,15847,0.129,0.9610651858395911
0,ae_coreset,1000,15847,0.13,0.9610651858395911
0,ae_coreset,1000,15847,0.131,0.9610651858395911
0,ae_coreset,1000,15847,0.132,0.9610651858395911
0,ae_coreset,1000,15935,0.133,0.9610919359899592
0,ae_coreset,1000,15935,0.134,0.9610919359899592
0,ae_coreset,1000,16196,0.135,0.9594344282538898
0,ae_coreset,1000,16196,0.136,0.9594344282538898
0,ae_coreset,1000,16196,0.137,0.9594344282538898
0,ae_coreset,1000,16196,0.138,0.9594344282538898
0,ae_coreset,1000,16196,0.139,0.9594344282538898
0,ae_coreset,1000,16196,0.14,0.9594344282538898
0,ae_coreset,1000,16280,0.14100000000000001,0.9596437346437346
0,ae_coreset,1000,16280,0.14200000000000002,0.9596437346437346
0,ae_coreset,1000,16363,0.14300000000000002,0.959848438550388
0,ae_coreset,1000,16363,0.14400000000000002,0.959848438550388
0,ae_coreset,1000,16609,0.14500000000000002,0.9599012583539045
0,ae_coreset,1000,16609,0.146,0.9599012583539045
0,ae_coreset,1000,16609,0.147,0.9599012583539045
0,ae_coreset,1000,16609,0.148,0.9599012583539045
0,ae_coreset,1000,16609,0.149,0.9599012583539045
0,ae_coreset,1000,16609,0.15,0.9599012583539045
0,ae_coreset,1000,16852,0.151,0.9601234274863518
0,ae_coreset,1000,16852,0.152,0.9601234274863518
0,ae_coreset,1000,16852,0.153,0.9601234274863518
0,ae_coreset,1000,16852,0.154,0.9601234274863518
0,ae_coreset,1000,16852,0.155,0.9601234274863518
0,ae_coreset,1000,16852,0.156,0.9601234274863518
0,ae_coreset,1000,16932,0.157,0.9602527758091188
0,ae_coreset,1000,16932,0.158,0.9602527758091188
0,ae_coreset,1000,17090,0.159,0.9605032182562903
0,ae_coreset,1000,17090,0.16,0.9605032182562903
0,ae_coreset,1000,17090,0.161,0.9605032182562903
0,ae_coreset,1000,17090,0.162,0.9605032182562903
0,ae_coreset,1000,17402,0.163,0.9609240317204919
0,ae_coreset,1000,17402,0.164,0.9609240317204919
0,ae_coreset,1000,17402,0.165,0.9609240317204919
0,ae_coreset,1000,17402,0.166,0.9609240317204919
0,ae_coreset,1000,17402,0.167,0.9609240317204919
0,ae_coreset,1000,17402,0.168,0.9609240317204919
0,ae_coreset,1000,17402,0.169,0.9609240317204919
0,ae_coreset,1000,17554,0.17,0.9611484561923208
0,ae_coreset,1000,17554,0.171,0.9611484561923208
0,ae_coreset,1000,17554,0.17200000000000001,0.9611484561923208
0,ae_coreset,1000,17554,0.17300000000000001,0.9611484561923208
0,ae_coreset,1000,17627,0.17400000000000002,0.9613093549668122
0,ae_coreset,1000,17627,0.17500000000000002,0.9613093549668122
0,ae_coreset,1000,17699,0.17600000000000002,0.961466749533872
0,ae_coreset,1000,17699,0.177,0.961466749533872
0,ae_coreset,1000,17912,0.178,0.9613666815542653
0,ae_coreset,1000,17912,0.179,0.9613666815542653
0,ae_coreset,1000,17912,0.18,0.9613666815542653
0,ae_coreset,1000,17912,0.181,0.9613666815542653
0,ae_coreset,1000,17912,0.182,0.9613666815542653
0,ae_coreset,1000,17912,0.183,0.9613666815542653
0,ae_coreset,1000,18050,0.184,0.9613850415512465
0,ae_coreset,1000,18050,0.185,0.9613850415512465
0,ae_coreset,1000,18050,0.186,0.9613850415512465
0,ae_coreset,1000,18050,0.187,0.9613850415512465
0,ae_coreset,1000,18254,0.188,0.9616522406047989
0,ae_coreset,1000,18254,0.189,0.9616522406047989
0,ae_coreset,1000,18254,0.19,0.9616522406047989
0,ae_coreset,1000,18254,0.191,0.9616522406047989
0,ae_coreset,1000,18254,0.192,0.9616522406047989
0,ae_coreset,1000,18254,0.193,0.9616522406047989
0,ae_coreset,1000,18321,0.194,0.9617378964030348
0,ae_coreset,1000,18321,0.195,0.9617378964030348
0,ae_coreset,1000,18449,0.196,0.9620033606157515
0,ae_coreset,1000,18449,0.197,0.9620033606157515
0,ae_coreset,1000,18449,0.198,0.9620033606157515
0,ae_coreset,1000,18449,0.199,0.9620033606157515
0,ae_coreset,1000,18511,0.2,0.9621306250337637
0,ae_coreset,1000,18511,0.201,0.9621306250337637
0,ae_coreset,1000,18694,0.202,0.9620733925323633
0,ae_coreset,1000,18694,0.203,0.9620733925323633
0,ae_coreset,1000,18694,0.20400000000000001,0.9620733925323633
0,ae_coreset,1000,18694,0.20500000000000002,0.9620733925323633
0,ae_coreset,1000,18694,0.20600000000000002,0.9620733925323633
0,ae_coreset,1000,18694,0.20700000000000002,0.9620733925323633
0,ae_coreset,1000,18754,0.20800000000000002,0.9620880878745868
0,ae_coreset,1000,18754,0.20900000000000002,0.9620880878745868
0,ae_coreset,1000,18813,0.21,0.9621538297985436
0,ae_coreset,1000,18813,0.211,0.9621538297985436
0,ae_coreset,1000,18871,0.212,0.9621641672407397
0,ae_coreset,1000,18871,0.213,0.9621641672407397
0,ae_coreset,1000,18928,0.214,0.9622781065088757
0,ae_coreset,1000,18928,0.215,0.9622781065088757
0,ae_coreset,1000,18984,0.216,0.96228402865571
0,ae_coreset,1000,18984,0.217,0.96228402865571
0,ae_coreset,1000,19094,0.218,0.962291819419713
0,ae_coreset,1000,19094,0.219,0.962291819419713
0,ae_coreset,1000,19094,0.22,0.962291819419713
0,ae_coreset,1000,19094,0.221,0.962291819419713
0,ae_coreset,1000,19256,0.222,0.9624013294557541
0,ae_coreset,1000,19256,0.223,0.9624013294557541
0,ae_coreset,1000,19256,0.224,0.9624013294557541
0,ae_coreset,1000,19256,0.225,0.9624013294557541
0,ae_coreset,1000,19256,0.226,0.9624013294557541
0,ae_coreset,1000,19256,0.227,0.9624013294557541
0,ae_coreset,1000,19309,0.228,0.9625045315655911
0,ae_coreset,1000,19309,0.229,0.9625045315655911
0,ae_coreset,1000,19465,0.23,0.9624454148471616
0,ae_coreset,1000,19465,0.231,0.9624454148471616
0,ae_coreset,1000,19465,0.232,0.9624454148471616
0,ae_coreset,1000,19465,0.233,0.9624454148471616
0,ae_coreset,1000,19465,0.234,0.9624454148471616
0,ae_coreset,1000,19465,0.23500000000000001,0.9624454148471616
0,ae_coreset,1000,19567,0.23600000000000002,0.9625900751264884
0,ae_coreset,1000,19567,0.23700000000000002,0.9625900751264884
0,ae_coreset,1000,19567,0.23800000000000002,0.9625900751264884
0,ae_coreset,1000,19567,0.23900000000000002,0.9625900751264884
0,ae_coreset,1000,19717,0.24000000000000002,0.962823959020135
0,ae_coreset,1000,19717,0.241,0.962823959020135
0,ae_coreset,1000,19717,0.242,0.962823959020135
0,ae_coreset,1000,19717,0.243,0.962823959020135
0,ae_coreset,1000,19717,0.244,0.962823959020135
0,ae_coreset,1000,19717,0.245,0.962823959020135
0,ae_coreset,1000,19864,0.246,0.9630487313733387
0,ae_coreset,1000,19864,0.247,0.9630487313733387
0,ae_coreset,1000,19864,0.248,0.9630487313733387
0,ae_coreset,1000,19864,0.249,0.9630487313733387
0,ae_coreset,1000,19864,0.25,0.9630487313733387
0,ae_coreset,1000,19960,0.251,0.96312625250501
0,ae_coreset,1000,19960,0.252,0.96312625250501
0,ae_coreset,1000,19960,0.253,0.96312625250501
0,ae_coreset,1000,19960,0.254,0.96312625250501
0,ae_coreset,1000,20101,0.255,0.9627879209989553
0,ae_coreset,1000,20101,0.256,0.9627879209989553
0,ae_coreset,1000,20101,0.257,0.9627879209989553
0,ae_coreset,1000,20101,0.258,0.9627879209989553
0,ae_coreset,1000,20101,0.259,0.9627879209989553
0,ae_coreset,1000,20101,0.26,0.9627879209989553
0,ae_coreset,1000,20281,0.261,0.962920960504906
0,ae_coreset,1000,20281,0.262,0.962920960504906
0,ae_coreset,1000,20281,0.263,0.962920960504906
0,ae_coreset,1000,20281,0.264,0.962920960504906
0,ae_coreset,1000,20281,0.265,0.962920960504906
0,ae_coreset,1000,20281,0.266,0.962920960504906
0,ae_coreset,1000,20281,0.267,0.962920960504906
0,ae_coreset,1000,20281,0.268,0.962920960504906
0,ae_coreset,1000,20413,0.269,0.9630137657375202
0,ae_coreset,1000,20413,0.27,0.9630137657375202
0,ae_coreset,1000,20413,0.271,0.9630137657375202
0,ae_coreset,1000,20413,0.272,0.9630137657375202
0,ae_coreset,1000,20413,0.273,0.9630137657375202
0,ae_coreset,1000,20413,0.274,0.9630137657375202
0,ae_coreset,1000,20628,0.275,0.9630114407601319
0,ae_coreset,1000,20628,0.276,0.9630114407601319
0,ae_coreset,1000,20628,0.277,0.9630114407601319
0,ae_coreset,1000,20628,0.278,0.9630114407601319
0,ae_coreset,1000,20628,0.279,0.9630114407601319
0,ae_coreset,1000,20628,0.28,0.9630114407601319
0,ae_coreset,1000,20628,0.281,0.9630114407601319
0,ae_coreset,1000,20628,0.28200000000000003,0.9630114407601319
0,ae_coreset,1000,20628,0.28300000000000003,0.9630114407601319
0,ae_coreset,1000,20628,0.28400000000000003,0.9630114407601319
0,ae_coreset,1000,20964,0.28500000000000003,0.9632226674298798
0,ae_coreset,1000,20964,0.28600000000000003,0.9632226674298798
0,ae_coreset,1000,20964,0.28700000000000003,0.9632226674298798
0,ae_coreset,1000,20964,0.28800000000000003,0.9632226674298798
0,ae_coreset,1000,20964,0.28900000000000003,0.9632226674298798
0,ae_coreset,1000,20964,0.29,0.9632226674298798
0,ae_coreset,1000,20964,0.291,0.9632226674298798
0,ae_coreset,1000,20964,0.292,0.9632226674298798
0,ae_coreset,1000,20964,0.293,0.9632226674298798
0,ae_coreset,1000,20964,0.294,0.9632226674298798
0,ae_coreset,1000,20964,0.295,0.9632226674298798
0,ae_coreset,1000,20964,0.296,0.9632226674298798
0,ae_coreset,1000,20964,0.297,0.9632226674298798
0,ae_coreset,1000,20964,0.298,0.9632226674298798
0,ae_coreset,1000,20964,0.299,0.9632226674298798
0,ae_coreset,1000,20964,0.3,0.9632226674298798
0,ae_coreset,1000,21005,0.301,0.9631516305641514
0,ae_coreset,1000,21005,0.302,0.9631516305641514
0,ae_coreset,1000,21245,0.303,0.9634266886326195
0,ae_coreset,1000,21245,0.304,0.9634266886326195
0,ae_coreset,1000,21245,0.305,0.9634266886326195
0,ae_coreset,1000,21245,0.306,0.9634266886326195
0,ae_coreset,1000,21245,0.307,0.9634266886326195
0,ae_coreset,1000,21245,0.308,0.9634266886326195
0,ae_coreset,1000,21245,0.309,0.9634266886326195
0,ae_coreset,1000,21245,0.31,0.9634266886326195
0,ae_coreset,1000,21245,0.311,0.9634266886326195
0,ae_coreset,1000,21245,0.312,0.9634266886326195
0,ae_coreset,1000,21245,0.313,0.9634266886326195
0,ae_coreset,1000,21245,0.314,0.9634266886326195
0,ae_coreset,1000,21362,0.315,0.9635801891208688
0,ae_coreset,1000,21362,0.316,0.9635801891208688
0,ae_coreset,1000,21362,0.317,0.9635801891208688
0,ae_coreset,1000,21362,0.318,0.9635801891208688
0,ae_coreset,1000,21362,0.319,0.9635801891208688
0,ae_coreset,1000,21362,0.32,0.9635801891208688
0,ae_coreset,1000,21552,0.321,0.9634372680029696
0,ae_coreset,1000,21552,0.322,0.9634372680029696
0,ae_coreset,1000,21552,0.323,0.9634372680029696
0,ae_coreset,1000,21552,0.324,0.9634372680029696
0,ae_coreset,1000,21552,0.325,0.9634372680029696
0,ae_coreset,1000,21552,0.326,0.9634372680029696
0,ae_coreset,1000,21552,0.327,0.9634372680029696
0,ae_coreset,1000,21552,0.328,0.9634372680029696
0,ae_coreset,1000,21552,0.329,0.9634372680029696
0,ae_coreset,1000,21552,0.33,0.9634372680029696
0,ae_coreset,1000,21589,0.331,0.9634999305201724
0,ae_coreset,1000,21589,0.332,0.9634999305201724
0,ae_coreset,1000,21729,0.333,0.9637351005568595
0,ae_coreset,1000,21729,0.334,0.9637351005568595
0,ae_coreset,1000,21729,0.335,0.9637351005568595
0,ae_coreset,1000,21729,0.336,0.9637351005568595
0,ae_coreset,1000,21729,0.337,0.9637351005568595
0,ae_coreset,1000,21729,0.338,0.9637351005568595
0,ae_coreset,1000,21729,0.339,0.9637351005568595
0,ae_coreset,1000,21831,0.34,0.9637213137281847
0,ae_coreset,1000,21831,0.341,0.9637213137281847
0,ae_coreset,1000,21831,0.342,0.9637213137281847
0,ae_coreset,1000,21831,0.343,0.9637213137281847
0,ae_coreset,1000,21831,0.34400000000000003,0.9637213137281847
0,ae_coreset,1000,21831,0.34500000000000003,0.9637213137281847
0,ae_coreset,1000,21963,0.34600000000000003,0.9639393525474662
0,ae_coreset,1000,21963,0.34700000000000003,0.9639393525474662
0,ae_coreset,1000,21963,0.34800000000000003,0.9639393525474662
0,ae_coreset,1000,21963,0.34900000000000003,0.9639393525474662
0,ae_coreset,1000,21963,0.35000000000000003,0.9639393525474662
0,ae_coreset,1000,21963,0.35100000000000003,0.9639393525474662
0,ae_coreset,1000,21963,0.35200000000000004,0.9639393525474662
0,ae_coreset,1000,21963,0.353,0.9639393525474662
0,ae_coreset,1000,22187,0.354,0.9641682066074728
0,ae_coreset,1000,22187,0.355,0.9641682066074728
0,ae_coreset,1000,22187,0.356,0.9641682066074728
0,ae_coreset,1000,22187,0.357,0.9641682066074728
0,ae_coreset,1000,22187,0.358,0.9641682066074728
0,ae_coreset,1000,22187,0.359,0.9641682066074728
0,ae_coreset,1000,22187,0.36,0.9641682066074728
0,ae_coreset,1000,22187,0.361,0.9641682066074728
0,ae_coreset,1000,22187,0.362,0.9641682066074728
0,ae_coreset,1000,22187,0.363,0.9641682066074728
0,ae_coreset,1000,22187,0.364,0.9641682066074728
0,ae_coreset,1000,22187,0.365,0.9641682066074728
0,ae_coreset,1000,22187,0.366,0.9641682066074728
0,ae_coreset,1000,22187,0.367,0.9641682066074728
0,ae_coreset,1000,22249,0.368,0.9642680569913255
0,ae_coreset,1000,22249,0.369,0.9642680569913255
0,ae_coreset,1000,22249,0.37,0.9642680569913255
0,ae_coreset,1000,22249,0.371,0.9642680569913255
0,ae_coreset,1000,22519,0.372,0.9645632576935033
0,ae_coreset,1000,22519,0.373,0.9645632576935033
0,ae_coreset,1000,22519,0.374,0.9645632576935033
0,ae_coreset,1000,22519,0.375,0.9645632576935033
0,ae_coreset,1000,22519,0.376,0.9645632576935033
0,ae_coreset,1000,22519,0.377,0.9645632576935033
0,ae_coreset,1000,22519,0.378,0.9645632576935033
0,ae_coreset,1000,22519,0.379,0.9645632576935033
0,ae_coreset,1000,22519,0.38,0.9645632576935033
0,ae_coreset,1000,22519,0.381,0.9645632576935033
0,ae_coreset,1000,22519,0.382,0.9645632576935033
0,ae_coreset,1000,22519,0.383,0.9645632576935033
0,ae_coreset,1000,22519,0.384,0.9645632576935033
0,ae_coreset,1000,22519,0.385,0.9645632576935033
0,ae_coreset,1000,22519,0.386,0.9645632576935033
0,ae_coreset,1000,22519,0.387,0.9645632576935033
0,ae_coreset,1000,22519,0.388,0.9645632576935033
0,ae_coreset,1000,22519,0.389,0.9645632576935033
0,ae_coreset,1000,22693,0.39,0.9646146388754241
0,ae_coreset,1000,22693,0.391,0.9646146388754241
0,ae_coreset,1000,22693,0.392,0.9646146388754241
0,ae_coreset,1000,22693,0.393,0.9646146388754241
0,ae_coreset,1000,22693,0.394,0.9646146388754241
0,ae_coreset,1000,22693,0.395,0.9646146388754241
0,ae_coreset,1000,22693,0.396,0.9646146388754241
0,ae_coreset,1000,22693,0.397,0.9646146388754241
0,ae_coreset,1000,22693,0.398,0.9646146388754241
0,ae_coreset,1000,22693,0.399,0.9646146388754241
0,ae_coreset,1000,22693,0.4,0.9646146388754241
0,ae_coreset,1000,22693,0.401,0.9646146388754241
0,ae_coreset,1000,22833,0.402,0.9646564183418737
0,ae_coreset,1000,22833,0.403,0.9646564183418737
0,ae_coreset,1000,22833,0.404,0.9646564183418737
0,ae_coreset,1000,22833,0.405,0.9646564183418737
0,ae_coreset,1000,22833,0.406,0.9646564183418737
0,ae_coreset,1000,22833,0.40700000000000003,0.9646564183418737
0,ae_coreset,1000,22833,0.40800000000000003,0.9646564183418737
0,ae_coreset,1000,22833,0.40900000000000003,0.9646564183418737
0,ae_coreset,1000,22833,0.41000000000000003,0.9646564183418737
0,ae_coreset,1000,22833,0.41100000000000003,0.9646564183418737
0,ae_coreset,1000,22995,0.41200000000000003,0.9649054142204827
0,ae_coreset,1000,22995,0.41300000000000003,0.9649054142204827
0,ae_coreset,1000,22995,0.41400000000000003,0.9649054142204827
0,ae_coreset,1000,22995,0.41500000000000004,0.9649054142204827
0,ae_coreset,1000,22995,0.41600000000000004,0.9649054142204827
0,ae_coreset,1000,22995,0.41700000000000004,0.9649054142204827
0,ae_coreset,1000,22995,0.418,0.9649054142204827
0,ae_coreset,1000,22995,0.419,0.9649054142204827
0,ae_coreset,1000,22995,0.42,0.9649054142204827
0,ae_coreset,1000,22995,0.421,0.9649054142204827
0,ae_coreset,1000,22995,0.422,0.9649054142204827
0,ae_coreset,1000,23203,0.423,0.9652200146532776
0,ae_coreset,1000,23203,0.424,0.9652200146532776
0,ae_coreset,1000,23203,0.425,0.9652200146532776
0,ae_coreset,1000,23203,0.426,0.9652200146532776
0,ae_coreset,1000,23203,0.427,0.9652200146532776
0,ae_coreset,1000,23203,0.428,0.9652200146532776
0,ae_coreset,1000,23203,0.429,0.9652200146532776
0,ae_coreset,1000,23203,0.43,0.9652200146532776
0,ae_coreset,1000,23203,0.431,0.9652200146532776
0,ae_coreset,1000,23203,0.432,0.9652200146532776
0,ae_coreset,1000,23203,0.433,0.9652200146532776
0,ae_coreset,1000,23203,0.434,0.9652200146532776
0,ae_coreset,1000,23203,0.435,0.9652200146532776
0,ae_coreset,1000,23203,0.436,0.9652200146532776
0,ae_coreset,1000,23203,0.437,0.9652200146532776
0,ae_coreset,1000,23203,0.438,0.9652200146532776
0,ae_coreset,1000,23503,0.439,0.9653661234735991
0,ae_coreset,1000,23503,0.44,0.9653661234735991
0,ae_coreset,1000,23503,0.441,0.9653661234735991
0,ae_coreset,1000,23503,0.442,0.9653661234735991
0,ae_coreset,1000,23503,0.443,0.9653661234735991
0,ae_coreset,1000,23503,0.444,0.9653661234735991
0,ae_coreset,1000,23503,0.445,0.9653661234735991
0,ae_coreset,1000,23503,0.446,0.9653661234735991
0,ae_coreset,1000,23503,0.447,0.9653661234735991
0,ae_coreset,1000,23503,0.448,0.9653661234735991
0,ae_coreset,1000,23503,0.449,0.9653661234735991
0,ae_coreset,1000,23503,0.45,0.9653661234735991
0,ae_coreset,1000,23503,0.451,0.9653661234735991
0,ae_coreset,1000,23503,0.452,0.9653661234735991
0,ae_coreset,1000,23503,0.453,0.9653661234735991
0,ae_coreset,1000,23503,0.454,0.9653661234735991
0,ae_coreset,1000,23503,0.455,0.9653661234735991
0,ae_coreset,1000,23503,0.456,0.9653661234735991
0,ae_coreset,1000,23503,0.457,0.9653661234735991
0,ae_coreset,1000,23503,0.458,0.9653661234735991
0,ae_coreset,1000,23503,0.459,0.9653661234735991
0,ae_coreset,1000,23503,0.46,0.9653661234735991
0,ae_coreset,1000,23503,0.461,0.9653661234735991
0,ae_coreset,1000,23503,0.462,0.9653661234735991
0,ae_coreset,1000,23743,0.463,0.9655898580634292
0,ae_coreset,1000,23743,0.464,0.9655898580634292
0,ae_coreset,1000,23743,0.465,0.9655898580634292
0,ae_coreset,1000,23743,0.466,0.9655898580634292
0,ae_coreset,1000,23743,0.467,0.9655898580634292
0,ae_coreset,1000,23743,0.468,0.9655898580634292
0,ae_coreset,1000,23743,0.46900000000000003,0.9655898580634292
0,ae_coreset,1000,23743,0.47000000000000003,0.9655898580634292
0,ae_coreset,1000,23743,0.47100000000000003,0.9655898580634292
0,ae_coreset,1000,23743,0.47200000000000003,0.9655898580634292
0,ae_coreset,1000,23743,0.47300000000000003,0.9655898580634292
0,ae_coreset,1000,23743,0.47400000000000003,0.9655898580634292
0,ae_coreset,1000,23743,0.47500000000000003,0.9655898580634292
0,ae_coreset,1000,23743,0.47600000000000003,0.9655898580634292
0,ae_coreset,1000,23743,0.47700000000000004,0.9655898580634292
0,ae_coreset,1000,23743,0.47800000000000004,0.9655898580634292
0,ae_coreset,1000,23743,0.47900000000000004,0.9655898580634292
0,ae_coreset,1000,23743,0.48000000000000004,0.9655898580634292
0,ae_coreset,1000,23743,0.481,0.9655898580634292
0,ae_coreset,1000,23743,0.482,0.9655898580634292
0,ae_coreset,1000,23950,0.483,0.9657620041753654
0,ae_coreset,1000,23950,0.484,0.9657620041753654
0,ae_coreset,1000,23950,0.485,0.9657620041753654
0,ae_coreset,1000,23950,0.486,0.9657620041753654
0,ae_coreset,1000,23950,0.487,0.9657620041753654
0,ae_coreset,1000,23950,0.488,0.9657620041753654
0,ae_coreset,1000,23950,0.489,0.9657620041753654
0,ae_coreset,1000,23950,0.49,0.9657620041753654
0,ae_coreset,1000,23950,0.491,0.9657620041753654
0,ae_coreset,1000,23950,0.492,0.9657620041753654
0,ae_coreset,1000,23950,0.493,0.9657620041753654
0,ae_coreset,1000,23950,0.494,0.9657620041753654
0,ae_coreset,1000,23950,0.495,0.9657620041753654
0,ae_coreset,1000,23950,0.496,0.9657620041753654
0,ae_coreset,1000,23950,0.497,0.9657620041753654
0,ae_coreset,1000,23950,0.498,0.9657620041753654
0,ae_coreset,1000,23950,0.499,0.9657620041753654
0,ae_coreset,1000,23994,0.5,0.965824789530716
0,ae_coreset,1000,23994,0.501,0.965824789530716
0,ae_coreset,1000,23994,0.502,0.965824789530716
0,ae_coreset,1000,23994,0.503,0.965824789530716
0,ae_coreset,1000,24141,0.504,0.9659086201897187
0,ae_coreset,1000,24141,0.505,0.9659086201897187
0,ae_coreset,1000,24141,0.506,0.9659086201897187
0,ae_coreset,1000,24141,0.507,0.9659086201897187
0,ae_coreset,1000,24141,0.508,0.9659086201897187
0,ae_coreset,1000,24141,0.509,0.9659086201897187
0,ae_coreset,1000,24141,0.51,0.9659086201897187
0,ae_coreset,1000,24141,0.511,0.9659086201897187
0,ae_coreset,1000,24141,0.512,0.9659086201897187
0,ae_coreset,1000,24141,0.513,0.9659086201897187
0,ae_coreset,1000,24141,0.514,0.9659086201897187
0,ae_coreset,1000,24141,0.515,0.9659086201897187
0,ae_coreset,1000,24141,0.516,0.9659086201897187
0,ae_coreset,1000,24141,0.517,0.9659086201897187
0,ae_coreset,1000,24221,0.518,0.9659799347673507
0,ae_coreset,1000,24221,0.519,0.9659799347673507
0,ae_coreset,1000,24221,0.52,0.9659799347673507
0,ae_coreset,1000,24221,0.521,0.9659799347673507
0,ae_coreset,1000,24221,0.522,0.9659799347673507
0,ae_coreset,1000,24221,0.523,0.9659799347673507
0,ae_coreset,1000,24221,0.524,0.9659799347673507
0,ae_coreset,1000,24221,0.525,0.9659799347673507
0,ae_coreset,1000,24430,0.526,0.9661481784690954
0,ae_coreset,1000,24430,0.527,0.9661481784690954
0,ae_coreset,1000,24430,0.528,0.9661481784690954
0,ae_coreset,1000,24430,0.529,0.9661481784690954
0,ae_coreset,1000,24430,0.53,0.9661481784690954
0,ae_coreset,1000,24430,0.531,0.9661481784690954
0,ae_coreset,1000,24430,0.532,0.9661481784690954
0,ae_coreset,1000,24430,0.533,0.9661481784690954
0,ae_coreset,1000,24430,0.534,0.9661481784690954
0,ae_coreset,1000,24430,0.535,0.9661481784690954
0,ae_coreset,1000,24430,0.536,0.9661481784690954
0,ae_coreset,1000,24430,0.537,0.9661481784690954
0,ae_coreset,1000,24430,0.538,0.9661481784690954
0,ae_coreset,1000,24430,0.539,0.9661481784690954
0,ae_coreset,1000,24430,0.54,0.9661481784690954
0,ae_coreset,1000,24430,0.541,0.9661481784690954
0,ae_coreset,1000,24430,0.542,0.9661481784690954
0,ae_coreset,1000,24430,0.543,0.9661481784690954
0,ae_coreset,1000,24430,0.544,0.9661481784690954
0,ae_coreset,1000,24430,0.545,0.9661481784690954
0,ae_coreset,1000,24430,0.546,0.9661481784690954
0,ae_coreset,1000,24430,0.547,0.9661481784690954
0,ae_coreset,1000,24556,0.548,0.9661997067926372
0,ae_coreset,1000,24556,0.549,0.9661997067926372
0,ae_coreset,1000,24556,0.55,0.9661997067926372
0,ae_coreset,1000,24556,0.551,0.9661997067926372
0,ae_coreset,1000,24556,0.552,0.9661997067926372
0,ae_coreset,1000,24556,0.553,0.9661997067926372
0,ae_coreset,1000,24556,0.554,0.9661997067926372
0,ae_coreset,1000,24556,0.555,0.9661997067926372
0,ae_coreset,1000,24556,0.556,0.9661997067926372
0,ae_coreset,1000,24556,0.557,0.9661997067926372
0,ae_coreset,1000,24556,0.558,0.9661997067926372
0,ae_coreset,1000,24556,0.559,0.9661997067926372
0,ae_coreset,1000,24556,0.56,0.9661997067926372
0,ae_coreset,1000,24556,0.561,0.9661997067926372
0,ae_coreset,1000,24709,0.562,0.9663685296855397
0,ae_coreset,1000,24709,0.5630000000000001,0.9663685296855397
0,ae_coreset,1000,24709,0.5640000000000001,0.9663685296855397
0,ae_coreset,1000,24709,0.5650000000000001,0.9663685296855397
0,ae_coreset,1000,24709,0.5660000000000001,0.9663685296855397
0,ae_coreset,1000,24709,0.5670000000000001,0.9663685296855397
0,ae_coreset,1000,24709,0.5680000000000001,0.9663685296855397
0,ae_coreset,1000,24709,0.5690000000000001,0.9663685296855397
0,ae_coreset,1000,24709,0.5700000000000001,0.9663685296855397
0,ae_coreset,1000,24709,0.5710000000000001,0.9663685296855397
0,ae_coreset,1000,24709,0.5720000000000001,0.9663685296855397
0,ae_coreset,1000,24709,0.5730000000000001,0.9663685296855397
0,ae_coreset,1000,24709,0.5740000000000001,0.9663685296855397
0,ae_coreset,1000,24709,0.5750000000000001,0.9663685296855397
0,ae_coreset,1000,24709,0.5760000000000001,0.9663685296855397
0,ae_coreset,1000,24709,0.5770000000000001,0.9663685296855397
0,ae_coreset,1000,24709,0.578,0.9663685296855397
0,ae_coreset,1000,24709,0.579,0.9663685296855397
0,ae_coreset,1000,24837,0.58,0.9665015903692072
0,ae_coreset,1000,24837,0.581,0.9665015903692072
0,ae_coreset,1000,24837,0.582,0.9665015903692072
0,ae_coreset,1000,24837,0.583,0.9665015903692072
0,ae_coreset,1000,24837,0.584,0.9665015903692072
0,ae_coreset,1000,24837,0.585,0.9665015903692072
0,ae_coreset,1000,24837,0.586,0.9665015903692072
0,ae_coreset,1000,24837,0.587,0.9665015903692072
0,ae_coreset,1000,24837,0.588,0.9665015903692072
0,ae_coreset,1000,24837,0.589,0.9665015903692072
0,ae_coreset,1000,24837,0.59,0.9665015903692072
0,ae_coreset,1000,24837,0.591,0.9665015903692072
0,ae_coreset,1000,24837,0.592,0.9665015903692072
0,ae_coreset,1000,24837,0.593,0.9665015903692072
0,ae_coreset,1000,24837,0.594,0.9665015903692072
0,ae_coreset,1000,24957,0.595,0.9666225908562728
0,ae_coreset,1000,24957,0.596,0.9666225908562728
0,ae_coreset,1000,24957,0.597,0.9666225908562728
0,ae_coreset,1000,24957,0.598,0.9666225908562728
0,ae_coreset,1000,24957,0.599,0.9666225908562728
0,ae_coreset,1000,24957,0.6,0.9666225908562728
0,ae_coreset,1000,24957,0.601,0.9666225908562728
0,ae_coreset,1000,24957,0.602,0.9666225908562728
0,ae_coreset,1000,24957,0.603,0.9666225908562728
0,ae_coreset,1000,24957,0.604,0.9666225908562728
0,ae_coreset,1000,24957,0.605,0.9666225908562728
0,ae_coreset,1000,24957,0.606,0.9666225908562728
0,ae_coreset,1000,24957,0.607,0.9666225908562728
0,ae_coreset,1000,24957,0.608,0.9666225908562728
0,ae_coreset,1000,24957,0.609,0.9666225908562728
0,ae_coreset,1000,24957,0.61,0.9666225908562728
0,ae_coreset,1000,25125,0.611,0.9666865671641791
0,ae_coreset,1000,25125,0.612,0.9666865671641791
0,ae_coreset,1000,25125,0.613,0.9666865671641791
0,ae_coreset,1000,25125,0.614,0.9666865671641791
0,ae_coreset,1000,25125,0.615,0.9666865671641791
0,ae_coreset,1000,25125,0.616,0.9666865671641791
0,ae_coreset,1000,25125,0.617,0.9666865671641791
0,ae_coreset,1000,25125,0.618,0.9666865671641791
0,ae_coreset,1000,25125,0.619,0.9666865671641791
0,ae_coreset,1000,25125,0.62,0.9666865671641791
0,ae_coreset,1000,25125,0.621,0.9666865671641791
0,ae_coreset,1000,25125,0.622,0.9666865671641791
0,ae_coreset,1000,25125,0.623,0.9666865671641791
0,ae_coreset,1000,25125,0.624,0.9666865671641791
0,ae_coreset,1000,25125,0.625,0.9666865671641791
0,ae_coreset,1000,25125,0.626,0.9666865671641791
0,ae_coreset,1000,25125,0.627,0.9666865671641791
0,ae_coreset,1000,25125,0.628,0.9666865671641791
0,ae_coreset,1000,25125,0.629,0.9666865671641791
0,ae_coreset,1000,25125,0.63,0.9666865671641791
0,ae_coreset,1000,25125,0.631,0.9666865671641791
0,ae_coreset,1000,25125,0.632,0.9666865671641791
0,ae_coreset,1000,25125,0.633,0.9666865671641791
0,ae_coreset,1000,25125,0.634,0.9666865671641791
0,ae_coreset,1000,25229,0.635,0.9667842562130882
0,ae_coreset,1000,25229,0.636,0.9667842562130882
0,ae_coreset,1000,25229,0.637,0.9667842562130882
0,ae_coreset,1000,25229,0.638,0.9667842562130882
0,ae_coreset,1000,25229,0.639,0.9667842562130882
0,ae_coreset,1000,25229,0.64,0.9667842562130882
0,ae_coreset,1000,25229,0.641,0.9667842562130882
0,ae_coreset,1000,25229,0.642,0.9667842562130882
0,ae_coreset,1000,25229,0.643,0.9667842562130882
0,ae_coreset,1000,25229,0.644,0.9667842562130882
0,ae_coreset,1000,25229,0.645,0.9667842562130882
0,ae_coreset,1000,25229,0.646,0.9667842562130882
0,ae_coreset,1000,25229,0.647,0.9667842562130882
0,ae_coreset,1000,25229,0.648,0.9667842562130882
0,ae_coreset,1000,25229,0.649,0.9667842562130882
0,ae_coreset,1000,25229,0.65,0.9667842562130882
0,ae_coreset,1000,25349,0.651,0.9668231488421634
0,ae_coreset,1000,25349,0.652,0.9668231488421634
0,ae_coreset,1000,25349,0.653,0.9668231488421634
0,ae_coreset,1000,25349,0.654,0.9668231488421634
0,ae_coreset,1000,25349,0.655,0.9668231488421634
0,ae_coreset,1000,25349,0.656,0.9668231488421634
0,ae_coreset,1000,25349,0.657,0.9668231488421634
0,ae_coreset,1000,25349,0.658,0.9668231488421634
0,ae_coreset,1000,25349,0.659,0.9668231488421634
0,ae_coreset,1000,25349,0.66,0.9668231488421634
0,ae_coreset,1000,25349,0.661,0.9668231488421634
0,ae_coreset,1000,25349,0.662,0.9668231488421634
0,ae_coreset,1000,25349,0.663,0.9668231488421634
0,ae_coreset,1000,25349,0.664,0.9668231488421634
0,ae_coreset,1000,25349,0.665,0.9668231488421634
0,ae_coreset,1000,25349,0.666,0.9668231488421634
0,ae_coreset,1000,25349,0.667,0.9668231488421634
0,ae_coreset,1000,25349,0.668,0.9668231488421634
0,ae_coreset,1000,25349,0.669,0.9668231488421634
0,ae_coreset,1000,25470,0.67,0.9669022379269729
0,ae_coreset,1000,25470,0.671,0.9669022379269729
0,ae_coreset,1000,25470,0.672,0.9669022379269729
0,ae_coreset,1000,25470,0.673,0.9669022379269729
0,ae_coreset,1000,25470,0.674,0.9669022379269729
0,ae_coreset,1000,25470,0.675,0.9669022379269729
0,ae_coreset,1000,25470,0.676,0.9669022379269729
0,ae_coreset,1000,25470,0.677,0.9669022379269729
0,ae_coreset,1000,25470,0.678,0.9669022379269729
0,ae_coreset,1000,25470,0.679,0.9669022379269729
0,ae_coreset,1000,25470,0.68,0.9669022379269729
0,ae_coreset,1000,25470,0.681,0.9669022379269729
0,ae_coreset,1000,25470,0.682,0.9669022379269729
0,ae_coreset,1000,25470,0.683,0.9669022379269729
0,ae_coreset,1000,25470,0.684,0.9669022379269729
0,ae_coreset,1000,25470,0.685,0.9669022379269729
0,ae_coreset,1000,25470,0.686,0.9669022379269729
0,ae_coreset,1000,25470,0.687,0.9669022379269729
0,ae_coreset,1000,25470,0.6880000000000001,0.9669022379269729
0,ae_coreset,1000,25470,0.6890000000000001,0.9669022379269729
0,ae_coreset,1000,25470,0.6900000000000001,0.9669022379269729
0,ae_coreset,1000,25470,0.6910000000000001,0.9669022379269729
0,ae_coreset,1000,25590,0.6920000000000001,0.9670574443141853
0,ae_coreset,1000,25590,0.6930000000000001,0.9670574443141853
0,ae_coreset,1000,25590,0.6940000000000001,0.9670574443141853
0,ae_coreset,1000,25590,0.6950000000000001,0.9670574443141853
0,ae_coreset,1000,25590,0.6960000000000001,0.9670574443141853
0,ae_coreset,1000,25590,0.6970000000000001,0.9670574443141853
0,ae_coreset,1000,25590,0.6980000000000001,0.9670574443141853
0,ae_coreset,1000,25590,0.6990000000000001,0.9670574443141853
0,ae_coreset,1000,25590,0.7000000000000001,0.9670574443141853
0,ae_coreset,1000,25590,0.7010000000000001,0.9670574443141853
0,ae_coreset,1000,25590,0.7020000000000001,0.9670574443141853
0,ae_coreset,1000,25590,0.7030000000000001,0.9670574443141853
0,ae_coreset,1000,25590,0.7040000000000001,0.9670574443141853
0,ae_coreset,1000,25590,0.705,0.9670574443141853
0,ae_coreset,1000,25590,0.706,0.9670574443141853
0,ae_coreset,1000,25590,0.707,0.9670574443141853
0,ae_coreset,1000,25590,0.708,0.9670574443141853
0,ae_coreset,1000,25590,0.709,0.9670574443141853
0,ae_coreset,1000,25590,0.71,0.9670574443141853
0,ae_coreset,1000,25590,0.711,0.9670574443141853
0,ae_coreset,1000,25590,0.712,0.9670574443141853
0,ae_coreset,1000,25590,0.713,0.9670574443141853
0,ae_coreset,1000,25590,0.714,0.9670574443141853
0,ae_coreset,1000,25590,0.715,0.9670574443141853
0,ae_coreset,1000,25680,0.716,0.9670950155763239
0,ae_coreset,1000,25680,0.717,0.9670950155763239
0,ae_coreset,1000,25680,0.718,0.9670950155763239
0,ae_coreset,1000,25680,0.719,0.9670950155763239
0,ae_coreset,1000,25680,0.72,0.9670950155763239
0,ae_coreset,1000,25680,0.721,0.9670950155763239
0,ae_coreset,1000,25680,0.722,0.9670950155763239
0,ae_coreset,1000,25680,0.723,0.9670950155763239
0,ae_coreset,1000,25680,0.724,0.9670950155763239
0,ae_coreset,1000,25680,0.725,0.9670950155763239
0,ae_coreset,1000,25680,0.726,0.9670950155763239
0,ae_coreset,1000,25680,0.727,0.9670950155763239
0,ae_coreset,1000,25680,0.728,0.9670950155763239
0,ae_coreset,1000,25680,0.729,0.9670950155763239
0,ae_coreset,1000,25680,0.73,0.9670950155763239
0,ae_coreset,1000,25680,0.731,0.9670950155763239
0,ae_coreset,1000,25680,0.732,0.9670950155763239
0,ae_coreset,1000,25680,0.733,0.9670950155763239
0,ae_coreset,1000,25680,0.734,0.9670950155763239
0,ae_coreset,1000,25680,0.735,0.9670950155763239
0,ae_coreset,1000,25744,0.736,0.9670602858918583
0,ae_coreset,1000,25744,0.737,0.9670602858918583
0,ae_coreset,1000,25744,0.738,0.9670602858918583
0,ae_coreset,1000,25744,0.739,0.9670602858918583
0,ae_coreset,1000,25744,0.74,0.9670602858918583
0,ae_coreset,1000,25744,0.741,0.9670602858918583
0,ae_coreset,1000,25744,0.742,0.9670602858918583
0,ae_coreset,1000,25744,0.743,0.9670602858918583
0,ae_coreset,1000,25744,0.744,0.9670602858918583
0,ae_coreset,1000,25744,0.745,0.9670602858918583
0,ae_coreset,1000,25744,0.746,0.9670602858918583
0,ae_coreset,1000,25744,0.747,0.9670602858918583
0,ae_coreset,1000,25744,0.748,0.9670602858918583
0,ae_coreset,1000,25744,0.749,0.9670602858918583
0,ae_coreset,1000,25744,0.75,0.9670602858918583
0,ae_coreset,1000,25786,0.751,0.9671139377957031
0,ae_coreset,1000,25786,0.752,0.9671139377957031
0,ae_coreset,1000,25786,0.753,0.9671139377957031
0,ae_coreset,1000,25786,0.754,0.9671139377957031
0,ae_coreset,1000,25786,0.755,0.9671139377957031
0,ae_coreset,1000,25786,0.756,0.9671139377957031
0,ae_coreset,1000,25786,0.757,0.9671139377957031
0,ae_coreset,1000,25786,0.758,0.9671139377957031
0,ae_coreset,1000,25786,0.759,0.9671139377957031
0,ae_coreset,1000,25786,0.76,0.9671139377957031
0,ae_coreset,1000,25786,0.761,0.9671139377957031
0,ae_coreset,1000,25786,0.762,0.9671139377957031
0,ae_coreset,1000,25852,0.763,0.9670431688070555
0,ae_coreset,1000,25852,0.764,0.9670431688070555
0,ae_coreset,1000,25852,0.765,0.9670431688070555
0,ae_coreset,1000,25852,0.766,0.9670431688070555
0,ae_coreset,1000,25852,0.767,0.9670431688070555
0,ae_coreset,1000,25852,0.768,0.9670431688070555
0,ae_coreset,1000,25852,0.769,0.9670431688070555
0,ae_coreset,1000,25852,0.77,0.9670431688070555
0,ae_coreset,1000,25852,0.771,0.9670431688070555
0,ae_coreset,1000,25852,0.772,0.9670431688070555
0,ae_coreset,1000,25852,0.773,0.9670431688070555
0,ae_coreset,1000,25852,0.774,0.9670431688070555
0,ae_coreset,1000,25852,0.775,0.9670431688070555
0,ae_coreset,1000,25852,0.776,0.9670431688070555
0,ae_coreset,1000,25852,0.777,0.9670431688070555
0,ae_coreset,1000,25852,0.778,0.9670431688070555
0,ae_coreset,1000,25852,0.779,0.9670431688070555
0,ae_coreset,1000,25852,0.78,0.9670431688070555
0,ae_coreset,1000,25852,0.781,0.9670431688070555
0,ae_coreset,1000,25852,0.782,0.9670431688070555
0,ae_coreset,1000,25852,0.783,0.9670431688070555
0,ae_coreset,1000,25852,0.784,0.9670431688070555
0,ae_coreset,1000,25927,0.785,0.9670999344312878
0,ae_coreset,1000,25927,0.786,0.9670999344312878
0,ae_coreset,1000,25927,0.787,0.9670999344312878
0,ae_coreset,1000,25927,0.788,0.9670999344312878
0,ae_coreset,1000,25927,0.789,0.9670999344312878
0,ae_coreset,1000,25927,0.79,0.9670999344312878
0,ae_coreset,1000,25927,0.791,0.9670999344312878
0,ae_coreset,1000,25927,0.792,0.9670999344312878
0,ae_coreset,1000,25927,0.793,0.9670999344312878
0,ae_coreset,1000,25927,0.794,0.9670999344312878
0,ae_coreset,1000,25927,0.795,0.9670999344312878
0,ae_coreset,1000,25927,0.796,0.9670999344312878
0,ae_coreset,1000,25927,0.797,0.9670999344312878
0,ae_coreset,1000,25927,0.798,0.9670999344312878
0,ae_coreset,1000,25927,0.799,0.9670999344312878
0,ae_coreset,1000,25927,0.8,0.9670999344312878
0,ae_coreset,1000,25927,0.801,0.9670999344312878
0,ae_coreset,1000,25927,0.802,0.9670999344312878
0,ae_coreset,1000,25927,0.803,0.9670999344312878
0,ae_coreset,1000,25927,0.804,0.9670999344312878
0,ae_coreset,1000,25927,0.805,0.9670999344312878
0,ae_coreset,1000,25927,0.806,0.9670999344312878
0,ae_coreset,1000,25927,0.807,0.9670999344312878
0,ae_coreset,1000,25927,0.808,0.9670999344312878
0,ae_coreset,1000,25927,0.809,0.9670999344312878
0,ae_coreset,1000,25927,0.81,0.9670999344312878
0,ae_coreset,1000,25927,0.811,0.9670999344312878
0,ae_coreset,1000,25927,0.812,0.9670999344312878
0,ae_coreset,1000,25927,0.8130000000000001,0.9670999344312878
0,ae_coreset,1000,25927,0.8140000000000001,0.9670999344312878
0,ae_coreset,1000,25999,0.8150000000000001,0.9671910458094543
0,ae_coreset,1000,25999,0.8160000000000001,0.9671910458094543
0,ae_coreset,1000,25999,0.8170000000000001,0.9671910458094543
0,ae_coreset,1000,25999,0.8180000000000001,0.9671910458094543
0,ae_coreset,1000,25999,0.8190000000000001,0.9671910458094543
0,ae_coreset,1000,25999,0.8200000000000001,0.9671910458094543
0,ae_coreset,1000,25999,0.8210000000000001,0.9671910458094543
0,ae_coreset,1000,25999,0.8220000000000001,0.9671910458094543
0,ae_coreset,1000,25999,0.8230000000000001,0.9671910458094543
0,ae_coreset,1000,25999,0.8240000000000001,0.9671910458094543
0,ae_coreset,1000,25999,0.8250000000000001,0.9671910458094543
0,ae_coreset,1000,25999,0.8260000000000001,0.9671910458094543
0,ae_coreset,1000,25999,0.8270000000000001,0.9671910458094543
0,ae_coreset,1000,25999,0.8280000000000001,0.9671910458094543
0,ae_coreset,1000,25999,0.8290000000000001,0.9671910458094543
0,ae_coreset,1000,25999,0.8300000000000001,0.9671910458094543
0,ae_coreset,1000,25999,0.8310000000000001,0.9671910458094543
0,ae_coreset,1000,25999,0.8320000000000001,0.9671910458094543
0,ae_coreset,1000,25999,0.8330000000000001,0.9671910458094543
0,ae_coreset,1000,25999,0.834,0.9671910458094543
0,ae_coreset,1000,25999,0.835,0.9671910458094543
0,ae_coreset,1000,25999,0.836,0.9671910458094543
0,ae_coreset,1000,25999,0.837,0.9671910458094543
0,ae_coreset,1000,25999,0.838,0.9671910458094543
0,ae_coreset,1000,25999,0.839,0.9671910458094543
0,ae_coreset,1000,25999,0.84,0.9671910458094543
0,ae_coreset,1000,25999,0.841,0.9671910458094543
0,ae_coreset,1000,25999,0.842,0.9671910458094543
0,ae_coreset,1000,25999,0.843,0.9671910458094543
0,ae_coreset,1000,25999,0.844,0.9671910458094543
0,ae_coreset,1000,25999,0.845,0.9671910458094543
0,ae_coreset,1000,25999,0.846,0.9671910458094543
0,ae_coreset,1000,25999,0.847,0.9671910458094543
0,ae_coreset,1000,25999,0.848,0.9671910458094543
0,ae_coreset,1000,25999,0.849,0.9671910458094543
0,ae_coreset,1000,26044,0.85,0.9672093380433113
0,ae_coreset,1000,26044,0.851,0.9672093380433113
0,ae_coreset,1000,26044,0.852,0.9672093380433113
0,ae_coreset,1000,26044,0.853,0.9672093380433113
0,ae_coreset,1000,26044,0.854,0.9672093380433113
0,ae_coreset,1000,26044,0.855,0.9672093380433113
0,ae_coreset,1000,26044,0.856,0.9672093380433113
0,ae_coreset,1000,26044,0.857,0.9672093380433113
0,ae_coreset,1000,26044,0.858,0.9672093380433113
0,ae_coreset,1000,26044,0.859,0.9672093380433113
0,ae_coreset,1000,26044,0.86,0.9672093380433113
0,ae_coreset,1000,26044,0.861,0.9672093380433113
0,ae_coreset,1000,26044,0.862,0.9672093380433113
0,ae_coreset,1000,26044,0.863,0.9672093380433113
0,ae_coreset,1000,26044,0.864,0.9672093380433113
0,ae_coreset,1000,26044,0.865,0.9672093380433113
0,ae_coreset,1000,26044,0.866,0.9672093380433113
0,ae_coreset,1000,26044,0.867,0.9672093380433113
0,ae_coreset,1000,26044,0.868,0.9672093380433113
0,ae_coreset,1000,26044,0.869,0.9672093380433113
0,ae_coreset,1000,26044,0.87,0.9672093380433113
0,ae_coreset,1000,26044,0.871,0.9672093380433113
0,ae_coreset,1000,26044,0.872,0.9672093380433113
0,ae_coreset,1000,26044,0.873,0.9672093380433113
0,ae_coreset,1000,26044,0.874,0.9672093380433113
0,ae_coreset,1000,26044,0.875,0.9672093380433113
0,ae_coreset,1000,26044,0.876,0.9672093380433113
0,ae_coreset,1000,26044,0.877,0.9672093380433113
0,ae_coreset,1000,26044,0.878,0.9672093380433113
0,ae_coreset,1000,26044,0.879,0.9672093380433113
0,ae_coreset,1000,26070,0.88,0.9671269658611431
0,ae_coreset,1000,26070,0.881,0.9671269658611431
0,ae_coreset,1000,26070,0.882,0.9671269658611431
0,ae_coreset,1000,26070,0.883,0.9671269658611431
0,ae_coreset,1000,26070,0.884,0.9671269658611431
0,ae_coreset,1000,26070,0.885,0.9671269658611431
0,ae_coreset,1000,26070,0.886,0.9671269658611431
0,ae_coreset,1000,26070,0.887,0.9671269658611431
0,ae_coreset,1000,26070,0.888,0.9671269658611431
0,ae_coreset,1000,26070,0.889,0.9671269658611431
0,ae_coreset,1000,26070,0.89,0.9671269658611431
0,ae_coreset,1000,26070,0.891,0.9671269658611431
0,ae_coreset,1000,26070,0.892,0.9671269658611431
0,ae_coreset,1000,26070,0.893,0.9671269658611431
0,ae_coreset,1000,26070,0.894,0.9671269658611431
0,ae_coreset,1000,26070,0.895,0.9671269658611431
0,ae_coreset,1000,26070,0.896,0.9671269658611431
0,ae_coreset,1000,26070,0.897,0.9671269658611431
0,ae_coreset,1000,26070,0.898,0.9671269658611431
0,ae_coreset,1000,26070,0.899,0.9671269658611431
0,ae_coreset,1000,26070,0.9,0.9671269658611431
0,ae_coreset,1000,26070,0.901,0.9671269658611431
0,ae_coreset,1000,26070,0.902,0.9671269658611431
0,ae_coreset,1000,26070,0.903,0.9671269658611431
0,ae_coreset,1000,26070,0.904,0.9671269658611431
0,ae_coreset,1000,26070,0.905,0.9671269658611431
0,ae_coreset,1000,26089,0.906,0.9669975851891602
0,ae_coreset,1000,26089,0.907,0.9669975851891602
0,ae_coreset,1000,26089,0.908,0.9669975851891602
0,ae_coreset,1000,26089,0.909,0.9669975851891602
0,ae_coreset,1000,26089,0.91,0.9669975851891602
0,ae_coreset,1000,26089,0.911,0.9669975851891602
0,ae_coreset,1000,26089,0.912,0.9669975851891602
0,ae_coreset,1000,26089,0.913,0.9669975851891602
0,ae_coreset,1000,26089,0.914,0.9669975851891602
0,ae_coreset,1000,26089,0.915,0.9669975851891602
0,ae_coreset,1000,26089,0.916,0.9669975851891602
0,ae_coreset,1000,26089,0.917,0.9669975851891602
0,ae_coreset,1000,26089,0.918,0.9669975851891602
0,ae_coreset,1000,26089,0.919,0.9669975851891602
0,ae_coreset,1000,26089,0.92,0.9669975851891602
0,ae_coreset,1000,26089,0.921,0.9669975851891602
0,ae_coreset,1000,26089,0.922,0.9669975851891602
0,ae_coreset,1000,26089,0.923,0.9669975851891602
0,ae_coreset,1000,26089,0.924,0.9669975851891602
0,ae_coreset,1000,26089,0.925,0.9669975851891602
0,ae_coreset,1000,26089,0.926,0.9669975851891602
0,ae_coreset,1000,26089,0.927,0.9669975851891602
0,ae_coreset,1000,26089,0.928,0.9669975851891602
0,ae_coreset,1000,26089,0.929,0.9669975851891602
0,ae_coreset,1000,26089,0.93,0.9669975851891602
0,ae_coreset,1000,26089,0.931,0.9669975851891602
0,ae_coreset,1000,26089,0.932,0.9669975851891602
0,ae_coreset,1000,26089,0.933,0.9669975851891602
0,ae_coreset,1000,26089,0.934,0.9669975851891602
0,ae_coreset,1000,26089,0.935,0.9669975851891602
0,ae_coreset,1000,26089,0.936,0.9669975851891602
0,ae_coreset,1000,26089,0.937,0.9669975851891602
0,ae_coreset,1000,26089,0.9380000000000001,0.9669975851891602
0,ae_coreset,1000,26089,0.9390000000000001,0.9669975851891602
0,ae_coreset,1000,26089,0.9400000000000001,0.9669975851891602
0,ae_coreset,1000,26089,0.9410000000000001,0.9669975851891602
0,ae_coreset,1000,26089,0.9420000000000001,0.9669975851891602
0,ae_coreset,1000,26089,0.9430000000000001,0.9669975851891602
0,ae_coreset,1000,26089,0.9440000000000001,0.9669975851891602
0,ae_coreset,1000,26089,0.9450000000000001,0.9669975851891602
0,ae_coreset,1000,26089,0.9460000000000001,0.9669975851891602
0,ae_coreset,1000,26089,0.9470000000000001,0.9669975851891602
0,ae_coreset,1000,26089,0.9480000000000001,0.9669975851891602
0,ae_coreset,1000,26089,0.9490000000000001,0.9669975851891602
0,ae_coreset,1000,26089,0.9500000000000001,0.9669975851891602
0,ae_coreset,1000,26089,0.9510000000000001,0.9669975851891602
0,ae_coreset,1000,26089,0.9520000000000001,0.9669975851891602
0,ae_coreset,1000,26089,0.9530000000000001,0.9669975851891602
0,ae_coreset,1000,26089,0.9540000000000001,0.9669975851891602
0,ae_coreset,1000,26089,0.9550000000000001,0.9669975851891602
0,ae_coreset,1000,26089,0.9560000000000001,0.9669975851891602
0,ae_coreset,1000,26089,0.9570000000000001,0.9669975851891602
0,ae_coreset,1000,26089,0.9580000000000001,0.9669975851891602
0,ae_coreset,1000,26089,0.9590000000000001,0.9669975851891602
0,ae_coreset,1000,26089,0.9600000000000001,0.9669975851891602
0,ae_coreset,1000,26089,0.961,0.9669975851891602
0,ae_coreset,1000,26089,0.962,0.9669975851891602
0,ae_coreset,1000,26089,0.963,0.9669975851891602
0,ae_coreset,1000,26089,0.964,0.9669975851891602
0,ae_coreset,1000,26089,0.965,0.9669975851891602
0,ae_coreset,1000,26089,0.966,0.9669975851891602
0,ae_coreset,1000,26089,0.967,0.9669975851891602
0,ae_coreset,1000,26089,0.968,0.9669975851891602
0,ae_coreset,1000,26089,0.969,0.9669975851891602
0,ae_coreset,1000,26089,0.97,0.9669975851891602
0,ae_coreset,1000,26089,0.971,0.9669975851891602
0,ae_coreset,1000,26089,0.972,0.9669975851891602
0,ae_coreset,1000,26089,0.973,0.9669975851891602
0,ae_coreset,1000,26089,0.974,0.9669975851891602
0,ae_coreset,1000,26089,0.975,0.9669975851891602
0,ae_coreset,1000,26089,0.976,0.9669975851891602
0,ae_coreset,1000,26089,0.977,0.9669975851891602
0,ae_coreset,1000,26089,0.978,0.9669975851891602
0,ae_coreset,1000,26089,0.979,0.9669975851891602
0,ae_coreset,1000,26089,0.98,0.9669975851891602
0,ae_coreset,1000,26089,0.981,0.9669975851891602
0,ae_coreset,1000,26089,0.982,0.9669975851891602
0,ae_coreset,1000,26089,0.983,0.9669975851891602
0,ae_coreset,1000,26089,0.984,0.9669975851891602
0,ae_coreset,1000,26089,0.985,0.9669975851891602
0,ae_coreset,1000,26089,0.986,0.9669975851891602
0,ae_coreset,1000,26089,0.987,0.9669975851891602
0,ae_coreset,1000,26089,0.988,0.9669975851891602
0,ae_coreset,1000,26089,0.989,0.9669975851891602
0,ae_coreset,1000,26089,0.99,0.9669975851891602
0,ae_coreset,1000,26089,0.991,0.9669975851891602
0,ae_coreset,1000,26089,0.992,0.9669975851891602
0,ae_coreset,1000,26089,0.993,0.9669975851891602
0,ae_coreset,1000,26089,0.994,0.9669975851891602
0,ae_coreset,1000,26089,0.995,0.9669975851891602
0,ae_coreset,1000,26089,0.996,0.9669975851891602
0,ae_coreset,1000,26089,0.997,0.9669975851891602
0,ae_coreset,1000,26089,0.998,0.9669975851891602
0,ae_coreset,1000,26089,0.999,0.9669975851891602
